{
    "name": "root",
    "gauges": {
        "FPSBot.Policy.Entropy.mean": {
            "value": 1.4191337823867798,
            "min": 1.4191337823867798,
            "max": 1.4191337823867798,
            "count": 1
        },
        "FPSBot.Policy.Entropy.sum": {
            "value": 141913.375,
            "min": 141913.375,
            "max": 141913.375,
            "count": 1
        },
        "FPSBot.Step.mean": {
            "value": 49984.0,
            "min": 49984.0,
            "max": 49984.0,
            "count": 1
        },
        "FPSBot.Step.sum": {
            "value": 49984.0,
            "min": 49984.0,
            "max": 49984.0,
            "count": 1
        },
        "FPSBot.Policy.ExtrinsicValueEstimate.mean": {
            "value": -0.8125054836273193,
            "min": -0.8125054836273193,
            "max": -0.8125054836273193,
            "count": 1
        },
        "FPSBot.Policy.ExtrinsicValueEstimate.sum": {
            "value": -649.19189453125,
            "min": -649.19189453125,
            "max": -649.19189453125,
            "count": 1
        },
        "FPSBot.Policy.GailValueEstimate.mean": {
            "value": 13.30181884765625,
            "min": 13.30181884765625,
            "max": 13.30181884765625,
            "count": 1
        },
        "FPSBot.Policy.GailValueEstimate.sum": {
            "value": 10628.1533203125,
            "min": 10628.1533203125,
            "max": 10628.1533203125,
            "count": 1
        },
        "FPSBot.Environment.EpisodeLength.mean": {
            "value": 1999.0,
            "min": 1999.0,
            "max": 1999.0,
            "count": 1
        },
        "FPSBot.Environment.EpisodeLength.sum": {
            "value": 99950.0,
            "min": 99950.0,
            "max": 99950.0,
            "count": 1
        },
        "FPSBot.Environment.CumulativeReward.mean": {
            "value": 0.0,
            "min": 0.0,
            "max": 0.0,
            "count": 1
        },
        "FPSBot.Environment.CumulativeReward.sum": {
            "value": 0.0,
            "min": 0.0,
            "max": 0.0,
            "count": 1
        },
        "FPSBot.Policy.ExtrinsicReward.mean": {
            "value": 0.0,
            "min": 0.0,
            "max": 0.0,
            "count": 1
        },
        "FPSBot.Policy.ExtrinsicReward.sum": {
            "value": 0.0,
            "min": 0.0,
            "max": 0.0,
            "count": 1
        },
        "FPSBot.Policy.GailReward.mean": {
            "value": 1275.78757472833,
            "min": 1275.78757472833,
            "max": 1275.78757472833,
            "count": 1
        },
        "FPSBot.Policy.GailReward.sum": {
            "value": 30618.90179347992,
            "min": 30618.90179347992,
            "max": 30618.90179347992,
            "count": 1
        },
        "FPSBot.Losses.PolicyLoss.mean": {
            "value": 0.02496161457481018,
            "min": 0.02496161457481018,
            "max": 0.02496161457481018,
            "count": 1
        },
        "FPSBot.Losses.PolicyLoss.sum": {
            "value": 0.09984645829924071,
            "min": 0.09984645829924071,
            "max": 0.09984645829924071,
            "count": 1
        },
        "FPSBot.Losses.ValueLoss.mean": {
            "value": 21.328315603733063,
            "min": 21.328315603733063,
            "max": 21.328315603733063,
            "count": 1
        },
        "FPSBot.Losses.ValueLoss.sum": {
            "value": 85.31326241493225,
            "min": 85.31326241493225,
            "max": 85.31326241493225,
            "count": 1
        },
        "FPSBot.Policy.LearningRate.mean": {
            "value": 0.00028452000515999994,
            "min": 0.00028452000515999994,
            "max": 0.00028452000515999994,
            "count": 1
        },
        "FPSBot.Policy.LearningRate.sum": {
            "value": 0.0011380800206399998,
            "min": 0.0011380800206399998,
            "max": 0.0011380800206399998,
            "count": 1
        },
        "FPSBot.Policy.Epsilon.mean": {
            "value": 0.19483999999999999,
            "min": 0.19483999999999999,
            "max": 0.19483999999999999,
            "count": 1
        },
        "FPSBot.Policy.Epsilon.sum": {
            "value": 0.7793599999999999,
            "min": 0.7793599999999999,
            "max": 0.7793599999999999,
            "count": 1
        },
        "FPSBot.Policy.Beta.mean": {
            "value": 0.0047425160000000004,
            "min": 0.0047425160000000004,
            "max": 0.0047425160000000004,
            "count": 1
        },
        "FPSBot.Policy.Beta.sum": {
            "value": 0.018970064000000002,
            "min": 0.018970064000000002,
            "max": 0.018970064000000002,
            "count": 1
        },
        "FPSBot.Policy.GAILPolicyEstimate.mean": {
            "value": 0.3761455198129018,
            "min": 0.3761455198129018,
            "max": 0.3761455198129018,
            "count": 1
        },
        "FPSBot.Policy.GAILPolicyEstimate.sum": {
            "value": 1.5045820792516071,
            "min": 1.5045820792516071,
            "max": 1.5045820792516071,
            "count": 1
        },
        "FPSBot.Policy.GAILExpertEstimate.mean": {
            "value": 0.6721736282110213,
            "min": 0.6721736282110213,
            "max": 0.6721736282110213,
            "count": 1
        },
        "FPSBot.Policy.GAILExpertEstimate.sum": {
            "value": 2.6886945128440853,
            "min": 2.6886945128440853,
            "max": 2.6886945128440853,
            "count": 1
        },
        "FPSBot.Losses.GAILLoss.mean": {
            "value": 1.0168011779586474,
            "min": 1.0168011779586474,
            "max": 1.0168011779586474,
            "count": 1
        },
        "FPSBot.Losses.GAILLoss.sum": {
            "value": 4.06720471183459,
            "min": 4.06720471183459,
            "max": 4.06720471183459,
            "count": 1
        },
        "FPSBot.Policy.GAILGradMagLoss.mean": {
            "value": 6.915569694836934,
            "min": 6.915569694836934,
            "max": 6.915569694836934,
            "count": 1
        },
        "FPSBot.Policy.GAILGradMagLoss.sum": {
            "value": 27.662278779347737,
            "min": 27.662278779347737,
            "max": 27.662278779347737,
            "count": 1
        },
        "FPSBot.IsTraining.mean": {
            "value": 1.0,
            "min": 1.0,
            "max": 1.0,
            "count": 1
        },
        "FPSBot.IsTraining.sum": {
            "value": 1.0,
            "min": 1.0,
            "max": 1.0,
            "count": 1
        }
    },
    "metadata": {
        "timer_format_version": "0.1.0",
        "start_time_seconds": "1674309580",
        "python_version": "3.9.13 (tags/v3.9.13:6de2ca5, May 17 2022, 16:36:42) [MSC v.1929 64 bit (AMD64)]",
        "command_line_arguments": "C:\\Users\\Danie\\AppData\\Local\\Packages\\PythonSoftwareFoundation.Python.3.9_qbz5n2kfra8p0\\LocalCache\\local-packages\\Python39\\Scripts\\mlagents-learn .\\config\\fpsbot.yaml --run-id=Test2",
        "mlagents_version": "0.30.0",
        "mlagents_envs_version": "0.30.0",
        "communication_protocol_version": "1.5.0",
        "pytorch_version": "1.13.1+cpu",
        "numpy_version": "1.21.2",
        "end_time_seconds": "1674309765"
    },
    "total": 184.4069763,
    "count": 1,
    "self": 0.004822399999994786,
    "children": {
        "run_training.setup": {
            "total": 0.21061059999999987,
            "count": 1,
            "self": 0.21061059999999987
        },
        "TrainerController.start_learning": {
            "total": 184.1915433,
            "count": 1,
            "self": 0.19372489999960862,
            "children": {
                "TrainerController._reset_env": {
                    "total": 6.9224122999999995,
                    "count": 1,