{
    "name": "root",
    "metadata": {
        "timer_format_version": "0.1.0",
        "start_time_seconds": "1670551810",
        "python_version": "3.9.13 (tags/v3.9.13:6de2ca5, May 17 2022, 16:36:42) [MSC v.1929 64 bit (AMD64)]",
        "command_line_arguments": "C:\\Users\\Danie\\AppData\\Local\\Packages\\PythonSoftwareFoundation.Python.3.9_qbz5n2kfra8p0\\LocalCache\\local-packages\\Python39\\Scripts\\mlagents-learn --force",
        "mlagents_version": "0.30.0",
        "mlagents_envs_version": "0.30.0",
        "communication_protocol_version": "1.5.0",
        "pytorch_version": "1.13.0+cpu",
        "numpy_version": "1.21.2",
        "end_time_seconds": "1670551823"
    },
    "total": 13.0038292,
    "count": 1,
    "self": 0.004347000000000989,
    "children": {
        "run_training.setup": {
            "total": 0.12091809999999992,
            "count": 1,
            "self": 0.12091809999999992
        },
        "TrainerController.start_learning": {
            "total": 12.878564099999998,
            "count": 1,
            "self": 0.003544400000004444,
            "children": {
                "TrainerController._reset_env": {
                    "total": 6.9954964,
                    "count": 1,
                    "self": 6.9954964
                },
                "TrainerController.advance": {
                    "total": 5.783976899999994,
                    "count": 328,
                    "self": 0.0034544999999734927,
                    "children": {
                        "env_step": {
                            "total": 4.626819700000013,
                            "count": 328,
                            "self": 2.055358400000026,
                            "children": {
                                "SubprocessEnvManager._take_step": {
                                    "total": 2.569316300000004,
                                    "count": 328,
                                    "self": 0.023972800000009897,
                                    "children": {
                                        "TorchPolicy.evaluate": {
                                            "total": 2.545343499999994,
                                            "count": 656,
                                            "self": 2.545343499999994
                                        }
                                    }
                                },
                                "workers": {
                                    "total": 0.002144999999982744,
                                    "count": 328,
                                    "self": 0.0,
                                    "children": {
                                        "worker_root": {
                                            "total": 5.098304600000019,
                                            "count": 328,
                                            "is_parallel": true,
                                            "self": 3.4212275000000236,
                                            "children": {
                                                "steps_from_proto": {
                                                    "total": 0.0005537000000002124,
                                                    "count": 2,
                                                    "is_parallel": true,
                                                    "self": 0.0002518000000000242,
                                                    "children": {
                                                        "_process_rank_one_or_two_observation": {
                                                            "total": 0.00030190000000018813,
                                                            "count": 4,
                                                            "is_parallel": true,
                                                            "self": 0.00030190000000018813
                                                        }
                                                    }
                                                },
                                                "UnityEnvironment.step": {
                                                    "total": 1.6765233999999953,
                                                    "count": 328,
                                                    "is_parallel": true,
                                                    "self": 0.040308699999989095,
                                                    "children": {
                                                        "UnityEnvironment._generate_step_input": {
                                                            "total": 0.09076540000000044,
                                                            "count": 328,
                                                            "is_parallel": true,
                                                            "self": 0.09076540000000044
                                                        },
                                                        "communicator.exchange": {
                                                            "total": 1.4332095000000082,
                                                            "count": 328,
                                                            "is_parallel": true,
                                                            "self": 1.4332095000000082
                                                        },
                                                        "steps_from_proto": {
                                                            "total": 0.11223979999999756,
                                                            "count": 656,
                                                            "is_parallel": true,
                                                            "self": 0.06023839999997449,
                                                            "children": {
                                                                "_process_rank_one_or_two_observation": {
                                                                    "total": 0.05200140000002307,
                                                                    "count": 1312,
                                                                    "is_parallel": true,
                                                                    "self": 0.05200140000002307
                                                                }
                                                            }
                                                        }
                                                    }
                                                }
                                            }
                                        }
                                    }
                                }
                            }
                        },
                        "trainer_advance": {
                            "total": 1.1537027000000073,
                            "count": 328,
                            "self": 0.0036818999999930213,
                            "children": {
                                "process_trajectory": {
                                    "total": 0.43871470000001445,
                                    "count": 328,
                                    "self": 0.43871470000001445
                                },
                                "_update_policy": {
                                    "total": 0.7113060999999998,
                                    "count": 1,
                                    "self": 0.27960419999999964,