{
    "name": "root",
    "metadata": {
        "timer_format_version": "0.1.0",
        "start_time_seconds": "1674309214",
        "python_version": "3.9.13 (tags/v3.9.13:6de2ca5, May 17 2022, 16:36:42) [MSC v.1929 64 bit (AMD64)]",
        "command_line_arguments": "C:\\Users\\Danie\\AppData\\Local\\Packages\\PythonSoftwareFoundation.Python.3.9_qbz5n2kfra8p0\\LocalCache\\local-packages\\Python39\\site-packages\\mlagents\\trainers\\learn.py config/fpsbot.yaml --force",
        "mlagents_version": "0.30.0",
        "mlagents_envs_version": "0.30.0",
        "communication_protocol_version": "1.5.0",
        "pytorch_version": "1.13.1+cpu",
        "numpy_version": "1.21.2",
        "end_time_seconds": "1674309310"
    },
    "total": 96.1711555,
    "count": 1,
    "self": 0.020544899999990207,
    "children": {
        "run_training.setup": {
            "total": 0.743798,
            "count": 1,
            "self": 0.743798
        },
        "TrainerController.start_learning": {
            "total": 95.40681260000001,
            "count": 1,
            "self": 0.10999879999990014,
            "children": {
                "TrainerController._reset_env": {
                    "total": 8.727779799999999,
                    "count": 1,
                    "self": 6.635450599999999,
                    "children": {
                        "demo_to_buffer": {
                            "total": 2.0923292,
                            "count": 2,
                            "self": 0.0001343999999985357,
                            "children": {
                                "load_demonstration": {
                                    "total": 0.025337299999998564,
                                    "count": 2,
                                    "self": 0.024456699999999998,
                                    "children": {
                                        "read_file": {
                                            "total": 0.0008805999999985659,
                                            "count": 10,
                                            "self": 0.0008805999999985659
                                        }
                                    }
                                },
                                "make_demo_buffer": {
                                    "total": 2.066857500000003,
                                    "count": 2,
                                    "self": 0.44475440000003275,
                                    "children": {
                                        "steps_from_proto": {
                                            "total": 1.6221030999999702,
                                            "count": 7904,
                                            "self": 1.2224085999999286,
                                            "children": {
                                                "_process_rank_one_or_two_observation": {
                                                    "total": 0.3996945000000416,
                                                    "count": 15808,
                                                    "self": 0.3996945000000416
                                                }
                                            }
                                        }
                                    }
                                }
                            }
                        }
                    }
                },
                "TrainerController.advance": {
                    "total": 86.47516320000011,
                    "count": 2064,
                    "self": 0.0953343999999845,
                    "children": {
                        "env_step": {
                            "total": 17.431887600000014,
                            "count": 2064,
                            "self": 12.69621309999998,
                            "children": {
                                "SubprocessEnvManager._take_step": {
                                    "total": 4.67866849999999,
                                    "count": 2064,
                                    "self": 0.3031002000000118,
                                    "children": {
                                        "TorchPolicy.evaluate": {
                                            "total": 4.375568299999978,
                                            "count": 4128,
                                            "self": 4.375568299999978
                                        }
                                    }
                                },
                                "workers": {
                                    "total": 0.057006000000043855,
                                    "count": 2064,
                                    "self": 0.0,
                                    "children": {
                                        "worker_root": {
                                            "total": 25.010021699999914,
                                            "count": 2064,
                                            "is_parallel": true,
                                            "self": 16.094802199999812,
                                            "children": {
                                                "steps_from_proto": {
                                                    "total": 0.0009859999999997093,
                                                    "count": 2,
                                                    "is_parallel": true,
                                                    "self": 0.0006676999999997157,
                                                    "children": {
                                                        "_process_rank_one_or_two_observation": {
                                                            "total": 0.0003182999999999936,
                                                            "count": 4,
                                                            "is_parallel": true,
                                                            "self": 0.0003182999999999936
                                                        }
                                                    }
                                                },
                                                "UnityEnvironment.step": {
                                                    "total": 8.914233500000105,
                                                    "count": 2064,
                                                    "is_parallel": true,
                                                    "self": 0.3466781000000356,
                                                    "children": {
                                                        "UnityEnvironment._generate_step_input": {
                                                            "total": 0.4020128999999617,
                                                            "count": 2064,
                                                            "is_parallel": true,
                                                            "self": 0.4020128999999617
                                                        },
                                                        "communicator.exchange": {
                                                            "total": 6.911701800000028,
                                                            "count": 2064,
                                                            "is_parallel": true,
                                                            "self": 6.911701800000028
                                                        },
                                                        "steps_from_proto": {
                                                            "total": 1.2538407000000795,
                                                            "count": 4128,
                                                            "is_parallel": true,