{
    "name": "root",
    "gauges": {
        "FPSBot.Policy.Entropy.mean": {
            "value": 1.4160552024841309,
            "min": 1.4135820865631104,
            "max": 1.4179633855819702,
            "count": 8
        },
        "FPSBot.Policy.Entropy.sum": {
            "value": 141605.515625,
            "min": 141358.203125,
            "max": 142173.6875,
            "count": 8
        },
        "FPSBot.Step.mean": {
            "value": 399984.0,
            "min": 49984.0,
            "max": 399984.0,
            "count": 8
        },
        "FPSBot.Step.sum": {
            "value": 399984.0,
            "min": 49984.0,
            "max": 399984.0,
            "count": 8
        },
        "FPSBot.Policy.ExtrinsicValueEstimate.mean": {
            "value": 0.058679867535829544,
            "min": -1.9617973566055298,
            "max": 0.058679867535829544,
            "count": 8
        },
        "FPSBot.Policy.ExtrinsicValueEstimate.sum": {
            "value": 46.94389343261719,
            "min": -1567.47607421875,
            "max": 46.94389343261719,
            "count": 8
        },
        "FPSBot.Policy.GailValueEstimate.mean": {
            "value": 68.12165832519531,
            "min": 15.07673168182373,
            "max": 68.12165832519531,
            "count": 8
        },
        "FPSBot.Policy.GailValueEstimate.sum": {
            "value": 54497.328125,
            "min": 12046.30859375,
            "max": 54497.328125,
            "count": 8
        },
        "FPSBot.Environment.EpisodeLength.mean": {
            "value": 1999.0,
            "min": 1999.0,
            "max": 1999.0,
            "count": 8
        },
        "FPSBot.Environment.EpisodeLength.sum": {
            "value": 99950.0,
            "min": 79960.0,
            "max": 99950.0,
            "count": 8
        },
        "FPSBot.Environment.CumulativeReward.mean": {
            "value": 0.0,
            "min": 0.0,
            "max": 0.0,
            "count": 8
        },
        "FPSBot.Environment.CumulativeReward.sum": {
            "value": 0.0,
            "min": 0.0,
            "max": 0.0,
            "count": 8
        },
        "FPSBot.Policy.ExtrinsicReward.mean": {
            "value": 0.0,
            "min": 0.0,
            "max": 0.0,
            "count": 8
        },
        "FPSBot.Policy.ExtrinsicReward.sum": {
            "value": 0.0,
            "min": 0.0,
            "max": 0.0,
            "count": 8
        },
        "FPSBot.Policy.GailReward.mean": {
            "value": 1321.3707993841172,
            "min": 1138.1738862359523,
            "max": 1764.1270067890484,
            "count": 8
        },
        "FPSBot.Policy.GailReward.sum": {
            "value": 33034.26998460293,
            "min": 28454.34715589881,
            "max": 42339.048162937164,
            "count": 8
        },
        "FPSBot.Losses.PolicyLoss.mean": {
            "value": 0.02230092761106789,
            "min": 0.022113361357575433,
            "max": 0.02792144975392148,
            "count": 8
        },
        "FPSBot.Losses.PolicyLoss.sum": {
            "value": 0.11150463805533944,
            "min": 0.08845344543030173,
            "max": 0.1396072487696074,
            "count": 8
        },
        "FPSBot.Losses.ValueLoss.mean": {
            "value": 5.478054216702779,
            "min": 4.826380327542624,
            "max": 26.23235452969869,
            "count": 8
        },
        "FPSBot.Losses.ValueLoss.sum": {
            "value": 27.390271083513895,
            "min": 22.26503859361013,
            "max": 104.92941811879476,
            "count": 8
        },
        "FPSBot.Policy.LearningRate.mean": {
            "value": 7.70496743168e-05,
            "min": 7.70496743168e-05,
            "max": 0.00028452000515999994,
            "count": 8
        },
        "FPSBot.Policy.LearningRate.sum": {
            "value": 0.000385248371584,
            "min": 0.000385248371584,
            "max": 0.00128328007224,
            "count": 8
        },
        "FPSBot.Policy.Epsilon.mean": {
            "value": 0.12568320000000002,
            "min": 0.12568320000000002,
            "max": 0.19483999999999999,
            "count": 8
        },
        "FPSBot.Policy.Epsilon.sum": {
            "value": 0.6284160000000001,
            "min": 0.5399360000000001,
            "max": 0.92776,
            "count": 8
        },
        "FPSBot.Policy.Beta.mean": {
            "value": 0.0012915916800000002,
            "min": 0.0012915916800000002,
            "max": 0.0047425160000000004,
            "count": 8
        },
        "FPSBot.Policy.Beta.sum": {
            "value": 0.006457958400000001,
            "min": 0.006457958400000001,
            "max": 0.021395224000000004,
            "count": 8
        },
        "FPSBot.Policy.GAILPolicyEstimate.mean": {
            "value": 0.3798055628935496,
            "min": 0.3723152530690034,
            "max": 0.4277877730627855,
            "count": 8
        },
        "FPSBot.Policy.GAILPolicyEstimate.sum": {
            "value": 1.899027814467748,
            "min": 1.4892610122760137,
            "max": 2.108986276388168,
            "count": 8
        },
        "FPSBot.Policy.GAILExpertEstimate.mean": {
            "value": 0.6580401273568471,
            "min": 0.6239630190531413,
            "max": 0.6675295670827229,
            "count": 8
        },
        "FPSBot.Policy.GAILExpertEstimate.sum": {
            "value": 3.2902006367842356,
            "min": 2.655850630005201,
            "max": 3.2902006367842356,
            "count": 8
        },
        "FPSBot.Losses.GAILLoss.mean": {
            "value": 0.9726007143656414,
            "min": 0.9493425046404204,
            "max": 1.1790014521280923,
            "count": 8
        },
        "FPSBot.Losses.GAILLoss.sum": {
            "value": 4.863003571828207,
            "min": 3.7973700185616814,
            "max": 5.895007260640462,
            "count": 8
        },
        "FPSBot.Policy.GAILGradMagLoss.mean": {
            "value": 0.47206956704457603,
            "min": 0.47206956704457603,
            "max": 7.689719823996226,
            "count": 8
        },
        "FPSBot.Policy.GAILGradMagLoss.sum": {
            "value": 2.36034783522288,
            "min": 2.121247069040934,
            "max": 30.758879295984904,
            "count": 8
        },
        "FPSBot.IsTraining.mean": {
            "value": 1.0,
            "min": 1.0,
            "max": 1.0,
            "count": 8
        },
        "FPSBot.IsTraining.sum": {
            "value": 1.0,
            "min": 1.0,
            "max": 1.0,
            "count": 8
        }
    },
    "metadata": {
        "timer_format_version": "0.1.0",
        "start_time_seconds": "1674309817",
        "python_version": "3.9.13 (tags/v3.9.13:6de2ca5, May 17 2022, 16:36:42) [MSC v.1929 64 bit (AMD64)]",
        "command_line_arguments": "C:\\Users\\Danie\\AppData\\Local\\Packages\\PythonSoftwareFoundation.Python.3.9_qbz5n2kfra8p0\\LocalCache\\local-packages\\Python39\\Scripts\\mlagents-learn .\\config\\fpsbot.yaml --run-id=Test3",
        "mlagents_version": "0.30.0",
        "mlagents_envs_version": "0.30.0",
        "communication_protocol_version": "1.5.0",
        "pytorch_version": "1.13.1+cpu",
        "numpy_version": "1.21.2",
        "end_time_seconds": "1674310530"
    },
    "total": 712.9164277000001,
    "count": 1,
    "self": 0.005812600000126622,
    "children": {
        "run_training.setup": {
            "total": 0.18787700000000007,
            "count": 1,
            "self": 0.18787700000000007
        },
        "TrainerController.start_learning": {
            "total": 712.7227381,
            "count": 1,
            "self": 1.1571504999923263,
            "children": {
                "TrainerController._reset_env": {
                    "total": 6.336520100000151,
                    "count": 5,