{
    "name": "root",
    "gauges": {
        "FPSBot.Policy.Entropy.mean": {
            "value": 1.3987747430801392,
            "min": 1.3987747430801392,
            "max": 1.3987747430801392,
            "count": 1
        },
        "FPSBot.Policy.Entropy.sum": {
            "value": 139919.4375,
            "min": 139919.4375,
            "max": 139919.4375,
            "count": 1
        },
        "FPSBot.Step.mean": {
            "value": 49984.0,
            "min": 49984.0,
            "max": 49984.0,
            "count": 1
        },
        "FPSBot.Step.sum": {
            "value": 49984.0,
            "min": 49984.0,
            "max": 49984.0,
            "count": 1
        },
        "FPSBot.Policy.ExtrinsicValueEstimate.mean": {
            "value": -5.96148157119751,
            "min": -5.96148157119751,
            "max": -5.96148157119751,
            "count": 1
        },
        "FPSBot.Policy.ExtrinsicValueEstimate.sum": {
            "value": -4763.2236328125,
            "min": -4763.2236328125,
            "max": -4763.2236328125,
            "count": 1
        },
        "FPSBot.Policy.GailValueEstimate.mean": {
            "value": 2.314661979675293,
            "min": 2.314661979675293,
            "max": 2.314661979675293,
            "count": 1
        },
        "FPSBot.Policy.GailValueEstimate.sum": {
            "value": 1849.4149169921875,
            "min": 1849.4149169921875,
            "max": 1849.4149169921875,
            "count": 1
        },
        "FPSBot.Environment.EpisodeLength.mean": {
            "value": 1999.0,
            "min": 1999.0,
            "max": 1999.0,
            "count": 1
        },
        "FPSBot.Environment.EpisodeLength.sum": {
            "value": 99950.0,
            "min": 99950.0,
            "max": 99950.0,
            "count": 1
        },
        "FPSBot.Environment.CumulativeReward.mean": {
            "value": -12373.081179022789,
            "min": -12373.081179022789,
            "max": -12373.081179022789,
            "count": 1
        },
        "FPSBot.Environment.CumulativeReward.sum": {
            "value": -296953.94829654694,
            "min": -296953.94829654694,
            "max": -296953.94829654694,
            "count": 1
        },
        "FPSBot.Policy.ExtrinsicReward.mean": {
            "value": -12373.081179022789,
            "min": -12373.081179022789,
            "max": -12373.081179022789,
            "count": 1
        },
        "FPSBot.Policy.ExtrinsicReward.sum": {
            "value": -296953.94829654694,
            "min": -296953.94829654694,
            "max": -296953.94829654694,
            "count": 1
        },
        "FPSBot.Policy.GailReward.mean": {
            "value": 923.3133645645879,
            "min": 923.3133645645879,
            "max": 923.3133645645879,
            "count": 1
        },
        "FPSBot.Policy.GailReward.sum": {
            "value": 22159.52074955011,
            "min": 22159.52074955011,
            "max": 22159.52074955011,
            "count": 1
        },
        "FPSBot.Losses.PolicyLoss.mean": {
            "value": 0.2232440597261302,
            "min": 0.2232440597261302,
            "max": 0.2232440597261302,
            "count": 1
        },
        "FPSBot.Losses.PolicyLoss.sum": {
            "value": 0.8929762389045208,
            "min": 0.8929762389045208,
            "max": 0.8929762389045208,
            "count": 1
        },
        "FPSBot.Losses.ValueLoss.mean": {
            "value": 4968.503476715088,
            "min": 4968.503476715088,
            "max": 4968.503476715088,
            "count": 1
        },
        "FPSBot.Losses.ValueLoss.sum": {
            "value": 19874.013906860353,
            "min": 19874.013906860353,
            "max": 19874.013906860353,
            "count": 1
        },
        "FPSBot.Policy.LearningRate.mean": {
            "value": 0.00028452000516,
            "min": 0.00028452000516,
            "max": 0.00028452000516,
            "count": 1
        },
        "FPSBot.Policy.LearningRate.sum": {
            "value": 0.00113808002064,
            "min": 0.00113808002064,
            "max": 0.00113808002064,
            "count": 1
        },
        "FPSBot.Policy.Epsilon.mean": {
            "value": 0.19484,
            "min": 0.19484,
            "max": 0.19484,
            "count": 1
        },
        "FPSBot.Policy.Epsilon.sum": {
            "value": 0.77936,
            "min": 0.77936,
            "max": 0.77936,
            "count": 1
        },
        "FPSBot.Policy.Beta.mean": {
            "value": 0.0047425160000000004,
            "min": 0.0047425160000000004,
            "max": 0.0047425160000000004,
            "count": 1
        },
        "FPSBot.Policy.Beta.sum": {
            "value": 0.018970064000000002,
            "min": 0.018970064000000002,
            "max": 0.018970064000000002,
            "count": 1
        },
        "FPSBot.Policy.GAILPolicyEstimate.mean": {
            "value": 0.20157773884013294,
            "min": 0.20157773884013294,
            "max": 0.20157773884013294,
            "count": 1
        },
        "FPSBot.Policy.GAILPolicyEstimate.sum": {
            "value": 0.8063109553605318,
            "min": 0.8063109553605318,
            "max": 0.8063109553605318,
            "count": 1
        },
        "FPSBot.Policy.GAILExpertEstimate.mean": {
            "value": 0.7629916103184223,
            "min": 0.7629916103184223,
            "max": 0.7629916103184223,
            "count": 1
        },
        "FPSBot.Policy.GAILExpertEstimate.sum": {
            "value": 3.0519664412736893,
            "min": 3.0519664412736893,
            "max": 3.0519664412736893,
            "count": 1
        },
        "FPSBot.Losses.GAILLoss.mean": {
            "value": 0.6495997189730405,
            "min": 0.6495997189730405,
            "max": 0.6495997189730405,
            "count": 1
        },
        "FPSBot.Losses.GAILLoss.sum": {
            "value": 2.598398875892162,
            "min": 2.598398875892162,
            "max": 2.598398875892162,
            "count": 1
        },
        "FPSBot.Policy.GAILGradMagLoss.mean": {
            "value": 0.36608121559023854,
            "min": 0.36608121559023854,
            "max": 0.36608121559023854,
            "count": 1
        },
        "FPSBot.Policy.GAILGradMagLoss.sum": {
            "value": 1.4643248623609542,
            "min": 1.4643248623609542,
            "max": 1.4643248623609542,
            "count": 1
        },
        "FPSBot.IsTraining.mean": {
            "value": 1.0,
            "min": 1.0,
            "max": 1.0,
            "count": 1
        },
        "FPSBot.IsTraining.sum": {
            "value": 1.0,
            "min": 1.0,
            "max": 1.0,
            "count": 1
        }
    },
    "metadata": {
        "timer_format_version": "0.1.0",
        "start_time_seconds": "1674313515",
        "python_version": "3.9.13 (tags/v3.9.13:6de2ca5, May 17 2022, 16:36:42) [MSC v.1929 64 bit (AMD64)]",
        "command_line_arguments": "C:\\Users\\Danie\\AppData\\Local\\Packages\\PythonSoftwareFoundation.Python.3.9_qbz5n2kfra8p0\\LocalCache\\local-packages\\Python39\\Scripts\\mlagents-learn .\\config\\fpsbot.yaml --run-id=Test6 --initialize-from=Test6",
        "mlagents_version": "0.30.0",
        "mlagents_envs_version": "0.30.0",
        "communication_protocol_version": "1.5.0",
        "pytorch_version": "1.13.1+cpu",
        "numpy_version": "1.21.2",
        "end_time_seconds": "1674313644"
    },
    "total": 128.73729790000002,
    "count": 1,
    "self": 0.0062311000000079275,
    "children": {
        "run_training.setup": {
            "total": 0.19298210000000005,
            "count": 1,
            "self": 0.19298210000000005
        },
        "TrainerController.start_learning": {
            "total": 128.5380847,
            "count": 1,
            "self": 0.3430395999995426,